Workbook

Sheet Breakdown
B2: Potensi Income | G2: Futsal & Cafe
B4: Accupancy rate | D4: 0.8 | G4: Futsal
B6: Unit | C6: 1 | D6: 2800000 | G6: Rate per Jam | I6: 120000
B7: Unit | C7: =C6+1 -> 2 | D7: 2300000 | G7: Total Jam / Sebulan | I7: =4*28 -> 112
B8: Unit | C8: =C7+1 -> 3 | D8: 2300000 | G8: Total Income | I8: =I6*I7 -> 13440000
B9: Unit | C9: =C8+1 -> 4 | D9: 2300000
B10: Unit | C10: =C9+1 -> 5 | D10: 2300000 | G10: Perawatan dan Operasional 30% | J10: =I8*0.3 -> 4032000
B11: Unit | C11: =C10+1 -> 6 | D11: 2300000
B12: Unit | C12: =C11+1 -> 7 | D12: 2300000 | G12: Net Income Owner | J12: =I8-J10 -> 9408000
B13: Unit | C13: =C12+1 -> 8 | D13: 2300000
B14: Unit | C14: =C13+1 -> 9 | D14: 2300000 | G14: Cafe
B15: Unit | C15: =C14+1 -> 10 | D15: 2300000 | G15: Omzet / bulan (realistis) | J15: =Cafe!D9 -> 69300000
B16: Unit | C16: =C15+1 -> 11 | D16: 2300000 | G16: Bagian pengelola 20% Include Marketing + Branding + Operasional + Biaya Pos | J16: =Cafe!D13 -> 13860000
B17: Unit | C17: =C16+1 -> 12 | D17: 2300000 | G17: Karyawan 3 orang + BPJS/THR | J17: =Cafe!D25 -> 8470000
B18: Unit | C18: =C17+1 -> 13 | D18: 2300000 | G18: Biaya pemilik (bahan, listrik, dll) | J18: =Cafe!D36 -> 30434000
B19: Unit | C19: =C18+1 -> 14 | D19: 2000000 | G19: SUB TOTAL | J19: =J16+J17+J18 -> 52764000
B20: Unit | C20: =C19+1 -> 15 | D20: 2000000
B21: Unit | C21: =C20+1 -> 16 | D21: 2000000 | G21: Net Income Owner | J21: =Cafe!D38 -> 16536000
B22: Unit | C22: =C21+1 -> 17 | D22: 2000000
B23: Unit | C23: =C22+1 -> 18 | D23: 2000000 | G23: Omzet / bulan (target) | J23: =Cafe!E9 -> 79999200
B24: Unit | C24: =C23+1 -> 19 | D24: 2000000 | G24: Net Income Owner (target) | J24: =Cafe!E38 -> 21029664
B25: Unit | C25: =C24+1 -> 20 | D25: 2000000
B27: TARGET INCOME OKUPASI 100% | D27: =SUM(D6:D25) -> 44400000 | G27: PNL Net income total (owner)
B28: Target Income (80%) | D28: =D27*D4 -> 35520000
B31: Biaya2
B32: System dan Marketing | C32: 0.15 | E32: =D27*0.15 -> 6660000
B33: Perawatan dan Operasional | C33: 0.15 | E33: =D27*0.15 -> 6660000
B35: Total Biaya | E35: =SUM(E32:E33) -> 13320000
B37: Net Income Owner | E37: =D28-E35 -> 22200000

Sheet Cafe
B2: Cafe: estimasi per bulan
B3: Biru = input (boleh diganti). Hitam = rumus. Semua angka asumsi, ganti dengan data lokasi.
B5: Asumsi | C5: Tarif | D5: Realistis | E5: Target | G5: Catatan
B6: Pelanggan / hari | D6: 70 | E6: 80 | G6: Target omzet Rp80 jt/bulan lewat push marketing dan event
B7: Belanja rata-rata (Rp) | D7: 33000 | E7: 33333
B8: Hari buka / bulan | D8: 30 | E8: 30
B9: Omzet / bulan | D9: =D6*D7*D8 -> 69300000 | E9: =E6*E7*E8 -> 79999200
B11: Bagian pengelola (Marketing + Branding + Operasional + Biaya POS)
B12: Porsi pengelola dari omzet | D12: 0.2 | E12: 0.2
B13: Bagian pengelola | D13: =D9*D12 -> 13860000 | E13: =E9*E12 -> 15999840
B14: Operasional (PPIC, pengawasan harian) | C14: 0.08 | D14: =D$9*$C14 -> 5544000 | E14: =E$9*$C14 -> 6399936
B15: Marketing & event (tim marketing, partner event) | C15: 0.07 | D15: =D$9*$C15 -> 4851000 | E15: =E$9*$C15 -> 5599944
B16: Branding (konten, desain, media) | C16: 0.03 | D16: =D$9*$C16 -> 2079000 | E16: =E$9*$C16 -> 2399976
B17: Biaya POS & dashboard | C17: 0.02 | D17: =D$9*$C17 -> 1386000 | E17: =E$9*$C17 -> 1599984
B18: Cek (harus 0): rincian - bagian pengelola | D18: =SUM(D14:D17)-D13 -> 0 | E18: =SUM(E14:E17)-E13 -> 0
B20: Karyawan (3 orang, dihitung terpisah)
B21: Waiters | D21: 2400000 | E21: 2400000 | G21: Gaji pokok asumsi; cek UMK setempat
B22: Cooks | D22: 2800000 | E22: 2800000
B23: Kasir | D23: 2500000 | E23: 2500000
B24: BPJS / THR cadangan | C24: 0.1 | D24: =SUM(D21:D23)*$C24 -> 770000 | E24: =SUM(E21:E23)*$C24 -> 770000
B25: Karyawan 3 orang + BPJS/THR | D25: =SUM(D21:D24) -> 8470000 | E25: =SUM(E21:E24) -> 8470000
B27: Biaya pemilik (bahan, listrik, dll)
B28: Bahan baku (HPP) | C28: 0.35 | D28: =D$9*$C28 -> 24255000 | E28: =E$9*$C28 -> 27999720 | G28: Standar F&B 30-40%; ganti sesuai resep
B29: Packaging & habis pakai | C29: 0.03 | D29: =D$9*$C29 -> 2079000 | E29: =E$9*$C29 -> 2399976
B30: Listrik | D30: 2500000 | E30: 2500000
B31: Air | D31: 400000 | E31: 400000
B32: Gas / LPG | D32: 500000 | E32: 500000
B33: Internet | D33: 400000 | E33: 400000
B34: Kebersihan & sampah | D34: 300000 | E34: 300000
B35: Sewa tempat (isi bila ada) | D35: 0 | E35: 0 | G35: 0 = tempat milik sendiri
B36: Total biaya operasional | D36: =SUM(D28:D35) -> 30434000 | E36: =SUM(E28:E35) -> 34499696
B38: Net Income Owner | D38: =D9-D13-D25-D36 -> 16536000 | E38: =E9-E13-E25-E36 -> 21029664
B39: Net owner % omzet | D39: =D38/D9 -> 0.23861472 | E39: =E38/E9 -> 0.26287343

Sheet Futsal
B2: Futsal: estimasi per bulan
B3: Biru = input. Rate Rp120.000 per jam dari Sheet1. Dua skenario: Realistis dan Target (push turnamen sekolah + tim marketing).
B5: Asumsi | C5: Tarif | D5: Realistis | E5: Target | G5: Catatan
B6: Jumlah lapangan | D6: 2 | E6: 2 | G6: Asumsi 2 lapangan (A dan B); ganti jika 1
B7: Rate per jam (Rp) | D7: =Breakdown!$I$6 -> 120000 | E7: =Breakdown!$I$6 -> 120000
B8: Jam terjual / hari / lapangan | D8: 5 | E8: 7
B9: Hari / bulan | D9: 28 | E9: 28
B10: Total jam terjual / bulan | D10: =D6*D8*D9 -> 280 | E10: =E6*E8*E9 -> 392
B11: Sewa lapangan | D11: =D10*D7 -> 33600000 | E11: =E10*E7 -> 47040000
B12: Turnamen sekolah / event (bersih) | D12: 3000000 | E12: 5000000 | G12: Turnamen antar sekolah, mini-league, nobar
B13: Total revenue / bulan | D13: =D11+D12 -> 36600000 | E13: =E11+E12 -> 52040000
B15: Bagian pengelola 30% | C15: 0.3 | D15: =D13*$C15 -> 10980000 | E15: =E13*$C15 -> 15612000
B16: Maintenance lapangan | C16: 0.08 | D16: =D$13*$C16 -> 2928000 | E16: =E$13*$C16 -> 4163200
B17: Event management (turnamen sekolah) | C17: 0.09 | D17: =D$13*$C17 -> 3294000 | E17: =E$13*$C17 -> 4683600
B18: Marketing (tim marketing) | C18: 0.09 | D18: =D$13*$C18 -> 3294000 | E18: =E$13*$C18 -> 4683600
B19: Fee pengelola / operasional | C19: 0.04 | D19: =D$13*$C19 -> 1464000 | E19: =E$13*$C19 -> 2081600
B20: Cek (harus 0): rincian - bagian pengelola | D20: =SUM(D16:D19)-D15 -> 0 | E20: =SUM(E16:E19)-E15 -> 0
B22: Net Income Owner (70%) | D22: =D13-D15 -> 25620000 | E22: =E13-E15 -> 36428000
